Time_Step,Water_Level,Temperature
30,157.08995922995734,2.9664244509430993
31,157.480299548163,3.7427370316672834
32,157.64089968102004,0.3639186378711581
33,157.35670654162902,3.5208470783113865
34,157.9995223426952,2.8514939438151883
35,157.81896238471518,3.1073645913511396
36,157.9866884984092,1.5625912304822507
37,159.14269208598034,3.2573221512822075
38,157.74158720015757,5.063133089345113
39,158.84002887185977,1.991673244220294
40,158.98488464352047,3.2793886373901917
41,160.09567037195018,2.611617771742115
42,158.99261642902874,4.426020576631427
43,160.47387627369022,3.1071014440510694
44,159.3194339621218,4.441374401077653
45,159.68468107358117,4.7221272848563505
46,159.8029868055988,4.947008014926727
47,160.42803709547206,4.832492144102228
48,159.84539357433113,6.654515758997822
49,160.0753695132308,4.05160884351644
50,160.3924856302213,4.405054542390321
51,160.77440972431359,4.460274858386328
52,160.82549122303428,6.247473528346667
53,162.0655328873501,6.791766967806375
54,161.53651270778795,6.93454142220067
55,161.36209048665165,4.399484256247752
56,161.08432660516797,7.75465654691157
57,160.7811072157028,6.705376558569066
58,161.57044425006043,6.313601927717356
59,161.6895751665413,7.902764023363238
60,162.4929109083774,6.992984542456214
61,162.76899126683196,7.114583774759239
62,162.48653058169415,7.100573548517079
63,162.0657733649482,9.080129666913743
64,163.31566384645384,7.410753680609975
65,163.4113541448881,8.653331775283508
66,163.99489182090556,9.591529357184355
67,163.32780949585785,9.331524798320054
68,165.02569506421676,9.631667766135674
69,163.96093931627988,9.544279162984312
70,163.77559351984067,9.79188039114992
71,163.91893402832937,9.229741944570316
72,164.38079393315977,9.808729774138977
73,165.196641040519,10.014081217858774
74,164.944286539359,10.746548671979076
75,165.11529868251725,10.38104439294486
76,165.5269468249198,9.849276107537245
77,164.51219640262113,11.428231859946226
78,165.28249134963266,11.322139647475472
79,165.03377977245617,11.893064792133996
80,166.22738884467714,12.369298489778558
81,165.31560487585742,12.628400806881489
82,165.47936143416783,13.32004513538624
83,166.15534471673726,11.067301026113993
84,165.73527153253528,10.872698771044087
85,167.01858133327568,12.628360316156376
86,166.78212753385787,14.958703563833158
87,165.65762255082237,14.36174403852495
88,166.95868833301708,13.451039938898615
89,167.2632454462044,13.95957337861927
90,167.40759102242265,14.661544240818495
91,166.649286547131,14.912795028256618
92,166.20243294221544,14.228645740496235
93,166.4540180237979,14.425182739941992
94,167.98434834775793,15.118107114754261
95,166.3593557883833,15.542742173183955
96,167.61441438509928,16.219891008070736
97,168.00883663364203,18.030457108560654
98,167.13339564939832,19.129647848676676
99,167.45206096432193,18.01246658973149
100,167.25763604784868,16.677664263347125
101,168.42716385445115,17.54202700622907
102,167.99546582687773,17.034931792104953
103,168.61202476766482,17.474866171603978
104,169.1367211545479,18.941081789854014
105,168.051881757121,18.934127478595737
106,168.43951992078152,18.306019819697024
107,169.54158781563564,19.536450097744297
108,168.3939595185681,20.32077903745871
109,168.83901631485466,19.20859556308193
110,169.0131461761205,21.53755062202139
111,169.386687510579,20.24954743785021
112,169.18276272595455,18.794880879497157
113,169.3624205916282,21.691042907385512
114,169.12575469892812,19.285377836915053
115,169.70048367237976,20.453310295352964
116,168.9048647058138,22.3716673022313
117,169.36582561443663,20.6504262130899
118,169.58299015954748,20.30474209363043
119,169.8906696536748,23.20169410982512
120,169.3085075747169,22.01586308310661
121,170.12704903320457,23.3802620312004
122,169.24097607660693,22.822222674782974
123,169.9427130196092,22.664636515942423
124,170.01232046540943,21.470960532089748
125,169.92917815136772,21.753541069860393
126,169.76640259617722,22.735193821043286
127,170.8620793234257,24.003088394571613
128,170.3889978081021,24.621474892906953
129,169.63734195057492,23.13397926042848
130,170.02210839292556,24.67251013828924
131,170.09157221535327,25.08866924313926
132,170.4782723013867,24.496297616237257
133,169.87486381784007,25.311540509974744
134,169.21596704116487,24.004758254101446
135,169.81241980388762,24.322641909424902
136,170.03759275981233,25.509806522550793
137,169.78486267828316,26.828254501605738
138,169.28230605050607,26.487514723193247
139,169.33233512245494,26.936609269194815
140,170.5730395510929,26.80815283930226
141,169.6720805045962,26.708825573534018
142,169.99487937527192,26.588470199584506
143,170.28750809572202,26.075345478211617
144,169.18512683287958,26.511801386222913
145,169.09172055104582,27.93291011283439
146,169.52592871541358,27.059570317510257
147,170.32959413913403,26.937569833467506
148,169.63913135658368,27.193342448842785
149,170.2079683235435,28.17712623825743
150,171.03968519751535,27.32588290713691
151,169.32224655169108,27.561794094330722
152,170.43090627806552,29.24017988426729
153,169.49118825268272,28.52098219331006
154,169.76364363384195,28.861816961977862
155,169.19145256285907,28.771104464496393
156,170.23409237048813,27.862749295212517
157,168.32344393308023,26.523608940657432
158,169.50669298244583,29.771208727334454
159,169.45303865017502,28.80095404280097
160,169.13269412207313,29.378146399590978
161,169.13117503503662,30.389060420072497
162,168.9628793019471,31.350294525960994
163,168.37066808475728,29.02526520941572
164,168.58066829611334,28.875388598454144
165,168.11775787719398,27.334217081316616
166,168.61775364497782,29.640610054045784
167,168.60904217767796,29.780515383298813
168,168.86672410018218,29.3604190333624
169,167.93487498804038,30.37819689242064
170,168.7198276669927,30.989711667281366
171,168.30020327352392,29.732378407314492
172,168.6591696404282,30.06274015282457
173,167.57604944293712,30.23954715390726
174,168.1559318803523,30.462128714376625
175,168.60145448821598,30.638053487113726
176,167.3885053908273,31.238710195984396
177,167.4874044276291,30.896584281809385
178,167.5075154944376,30.61391763901646
179,167.30398442042718,29.270102906329157
180,167.93479861326875,30.347356181905177
181,166.40210867147817,30.50248569695703
182,167.25480584172595,29.16302448385109
183,166.39841502341747,30.249486661241516
184,166.80429622139377,30.59033383579469
185,167.105513335398,29.076510360757595
186,166.57811124502177,30.923567421492788
187,166.88999260932263,29.701189660821008
188,166.90839127198794,30.176596871525813
189,166.57382164487538,29.57463822813076
190,166.9981596077394,30.44449147377698
191,165.95484654855923,28.415571673329605
192,166.19152668363083,29.244610668035413
193,165.4002838791513,27.891515760675844
194,165.5261329743983,30.897184014611078
195,164.69103692999334,29.425685901753837
196,164.31975260489233,28.60868361699205
197,165.29290069462195,30.170654800684005
198,164.52494174155208,29.836642963584996
199,164.30521949626538,29.76305443232639
200,164.51792339898503,29.2043186137922
201,164.20554523652808,28.71241939462222
202,164.86508750400523,28.28840375863709
203,164.2055449289874,29.78664839720299
204,164.00170014600857,29.52275753920212
205,163.78409042216552,29.969121301053686
206,162.39869616007232,29.522084147300895
207,164.4232546281539,27.74311594261117
208,162.98703106073768,28.843236319686334
209,163.16249760286965,29.910878691936922
210,164.15684375254128,28.68133302146741
211,162.22456938231687,28.157381516829613
212,162.86921535980628,27.032896760496495
213,162.7899950516447,28.67535995807335
214,162.8951676362105,27.107129105570717
215,161.97838175615902,29.249313398155987
216,161.2167600644604,26.693579892577464
217,162.76460670202084,26.36340152782808
218,161.92431826996318,29.11083961772047
219,161.62487930062574,26.341218979298475
220,161.90873908085845,28.065259159731497
221,160.30297741560113,27.387039632493156
222,161.41484850497767,27.151506487732135
223,160.4749415106217,26.71262991003215
224,159.78481307073778,25.30795279261931
225,159.68127318342658,25.457574571916865
226,160.5372225202724,25.1441204758221
227,160.19145600444227,24.364140518215162
228,159.50271579515015,26.88701974842226
229,159.18115570978728,24.895295575918247
230,159.90308606807687,26.083969328685853
231,159.8282723767057,25.41755238145773
232,159.45675589205118,25.46552221429017
233,158.99328098579758,24.334142698582344
234,159.11365241327917,24.423649833243907
235,158.7690887362916,24.12018960187852
236,158.68926189155454,23.925729988754394
237,158.3420674076494,22.089958509814796
238,158.2401254552584,25.172975227784555
239,158.49016507478947,23.786164875363294
240,157.28849416354421,24.08621779061616
241,158.08558895125182,23.182020639171498
242,158.27011132285494,23.5161545974943
243,157.48379673074868,22.96691369605431
244,157.69703194448664,22.629506059507293
245,157.12233373437357,23.654828762258088
246,156.95207936800145,22.308347822098646
247,156.9089503984198,20.114998168059458
248,156.61646414194476,20.888531681352557
249,156.73303626996338,20.941749411635875
250,157.42514479965502,20.170804648679436
251,155.3479870982659,21.67795538595833
252,156.21891885733285,21.722050728369574
253,156.77044650801275,19.717607987537146
254,156.40423582182385,21.205288388302108
255,155.547368061171,18.054521824020913
256,155.51581827087148,21.858212446932903
257,154.68875887255388,20.20658627598896
258,155.05398093892606,17.923188182670714
259,155.0361257270056,17.877596842527037
260,154.47697526632203,18.288899085492158
261,153.16630619091475,17.123658916243162
262,153.98750447728614,16.924936943050174
263,154.36145099285685,15.13436716321941
264,154.20817106790403,16.47996678152094
265,154.50664939007808,15.480471327192609
266,154.23505025624902,16.275600167684797
267,153.51826013096723,14.823909477468897
268,153.39948283390245,17.26699055722184
269,152.84428314248296,15.873524803456235
270,153.685087380138,15.52931991270119
271,153.55074906453646,16.359094470606877
272,152.76683907849363,14.26199461703016
273,152.56391821515223,14.644858858318713
274,152.749147464646,14.131161343833908
275,153.82590882250028,14.534373931774118
276,152.62009642026732,14.779362924837178
277,152.0267118687156,15.169691770345494
278,152.50212116826248,15.404820521407078
279,151.21564569937595,13.653879001334332
280,151.94745825568745,12.210235625067888
281,152.22109038000198,13.902011502039908
282,151.4114132471461,13.24946585950023
283,151.4122617842815,11.738827813510179
284,151.54624492582752,11.981218571991603
285,150.19821949992985,12.860871506422914
286,151.3244416289529,10.748609255844054
287,151.9502225742041,12.532156546012326
288,151.76154196583636,11.44773624185044
289,151.38685079879022,12.614758855598172
290,150.8778681663283,10.811153945035567
291,151.07856338917352,10.649023169880277
292,151.25338916394716,11.574579632794736
293,150.2689384841369,9.466405806306089
294,150.9522334620245,10.05506133739159
295,150.81023998891968,7.814049174609068
296,150.65096322839756,8.843910568822325
297,151.64227551965678,9.905242380998947
298,150.5977935677909,7.592792031591816
299,151.0242198243776,8.731674631971133
300,150.50794144227885,7.752173332536041
301,150.66618071124955,9.105335068887978
302,151.34002057024188,9.706902704687518
303,150.10541717331162,7.494159116798416
304,149.71245730014363,7.590202982729065
305,150.59423103153142,7.418612879642319
306,150.72048490010545,6.732426219350283
307,150.31487189708315,5.814015787368537
308,150.47060859550814,7.704249241685191
309,150.35400742533415,8.626923695995185
310,150.45026409295045,5.055550722162231
311,150.12206628904624,6.2969168880450255
312,150.5406770159091,4.31980208695454
313,150.36716713417553,5.872973505327935
314,150.09154242811132,6.688604233625942
315,150.68252879572893,8.54559651676034
316,149.57949620895167,4.72091816254205
317,149.98063859526073,5.454690061408251
318,149.9469361186975,3.3524581160191063
319,149.1892286696856,2.0697662502600855
320,151.01792232569315,4.121209618420089
321,149.44891471307432,3.0414346136465418
322,149.56676885883502,5.065131251943687
323,150.3223262370023,3.6446375271577445
324,149.5209112765305,6.18053603291873
325,150.86727495024007,3.9753791509120213
326,150.4467143922614,3.267208044940574
327,150.73444457161705,1.5079508872574283
328,150.5309985221013,3.344604808928042
329,150.2427717888681,4.0885327910107145
330,150.02096211308552,3.118088110003365
331,149.8534275057003,1.4550089196503087
332,150.9036453508274,1.7612696383479454
333,149.34453667817533,3.7177048309156397
334,150.96152751227243,2.2716967873916754
335,150.84344427152988,1.745893386998589
336,150.0700947467547,0.7960527898394729
337,150.59482746795976,0.3533951477923012
338,150.6971243570525,-0.6238757383052627
339,150.5116858052969,2.4204756877975746
340,150.54792563484062,-0.4906840134208219
341,150.34540744992245,2.051015015098741
342,150.21425923664347,1.658988977824195
343,151.30592921140482,0.9403799495336448
344,150.59484990146512,1.5854480425074735
345,150.3162569079424,-0.7243774468594766
346,151.1240253334323,0.4321231864198278
347,151.5320594971254,-0.15680393603909792
348,151.29532069903408,0.00034063329283373633
349,151.07759040064363,1.3997661526328797
350,151.2605270584538,-1.3093202220687035
351,151.30482247822022,-1.1283823013933014
352,151.93636251133213,-0.10569350024941743
353,152.0348526770482,-1.964932021875649
354,151.61275839089973,0.050882072005508594
355,151.4322163131116,0.6903428667465781
356,151.74494787176508,-1.3132772624365725
357,152.29360084849256,0.8031211093880581
358,152.116593409528,-0.810368155494278
359,152.04353741955512,-0.17303426918965498
360,152.18522639462202,-1.007167614469159
361,152.67648568535108,-0.751376960363204
362,153.3577641699426,-2.0349598088992065
363,152.43236025388487,-1.6288947812813084
364,152.70673686268333,0.08561035174017075
365,152.97793635998013,-0.9096709377044147
366,153.62820801011122,0.19700479912109659
367,153.4429308137325,-0.6817009356922311
368,153.63586303361697,1.6520816288357336
369,153.94932090407562,0.16381426834512067
370,152.73126066777095,0.03435811606027479
371,153.9972359708323,-0.2053535946899389
372,153.74538778907805,-0.3000871336057249
373,153.65230092091136,0.4949857349236285
374,153.31451111107992,1.288239530412743
375,154.2530262712043,-0.6264323415985212
376,153.81138091900308,0.12118345849293782
377,154.31858825102262,0.10563211570905148
378,154.5416024989211,0.04982230654512021
379,155.1652711624918,1.0541391799448636
380,155.30248547312988,0.6109737392767994
381,154.90425449006256,-0.7790089609852633
382,155.08519987510587,1.1893170977985266
383,155.4284521188966,2.3132269011577975
384,155.71452043902508,2.1851111103203746
385,156.06519661734373,2.1612204725405544
386,156.2370914876059,1.9277862764901426
387,156.06442170959883,0.5455018771069273
388,155.90626350563167,2.7642662689054287
389,156.73652115421882,2.074390800056968
390,156.7789108445859,2.4271496446640315
391,156.29212639332025,3.1428042204614206
392,157.24547572444814,0.16289314848779313
393,157.85785200777866,0.725676032248263
394,158.02968052281673,2.712859361107417
395,157.29703245339732,1.1159284792029047
396,157.6393432262405,2.2128081851724777
397,157.3791983735374,1.3706522556647123
398,157.7160379872015,0.8269476022586046
399,157.8450520792562,1.6184047304743963
400,158.2614878729731,2.758636949194203
401,158.7675107885927,6.1944878716741005
402,158.72170780097218,2.2046812043767567
403,158.72202841277047,2.0066911347862044
404,159.1494502137592,2.9343475879659464
405,158.5925719918593,2.7897171090891364
406,159.88779359338992,4.936870913825921
407,158.70814705721435,2.7214102924614507
408,158.79701346192437,3.0339283550291096
409,159.40136270490314,3.571467285593791
410,160.43454319728988,4.75672844616905
411,160.51752924153033,3.06781010231495
412,160.14891545303823,6.102104526972024
413,160.50693294259818,3.8727631609122795
414,160.515001712794,6.161573780664358
415,160.80833017332114,5.227314101327113
416,160.82603315645812,6.914358155598093
417,160.99465853831984,5.423236520993364
418,161.39617750595772,5.868737536428486
419,160.5948717664624,4.357671677434136
420,162.42791719236916,5.8685740985674295
421,161.48597439244546,6.19562755226314
422,161.36443545683986,6.972969634061669
423,161.80782947583063,5.215521175650958
424,161.72806077642196,6.073686454915742
425,162.5946939786295,6.197524682833306
426,162.4467971384488,8.411175936719168
427,162.6086219097828,7.769561620709152
428,162.79666179746422,9.41549450339565
429,162.47351946352768,7.156839741762295
430,163.23243159625767,6.941774300360933
431,164.55339290129376,8.671903555604857
432,163.9965272010192,8.42175488482028
433,164.81898912946377,10.04767445354487
434,164.00351901095357,9.048784366302886
435,163.29121771131298,10.272190774018389
436,164.41545278766694,7.660612118533038
437,164.80168654221322,7.468449608261173
438,165.01766516618846,10.072462193281117
439,164.12720715398626,12.155441687124698
440,164.37845187921795,10.262882506244004
441,165.2486700314551,10.34561391545605
442,165.38547578914307,9.229216493404016
443,165.87310508232235,11.287157359380739
444,165.4684048879452,10.745328703078178
445,166.01211628811242,11.59385617363698
446,166.13339858889123,11.916373312662198
447,165.8542929972359,12.50016921539893
448,166.03391666955523,12.281946573461518
449,165.49165112601767,12.439154688560006
450,166.0750694984794,13.52745601838464
451,166.41897728641064,14.059586344429094
452,167.00145743649333,14.289809945297486
453,167.2815549864637,14.393626590280244
454,166.57046280474688,14.778873620856805
455,167.58301372678207,14.517201417804825
456,166.59276553661755,14.396871947249165
457,166.94874287855757,16.505861193364563
458,167.50355799669498,15.808129521066638
459,166.95170905887218,16.18187363263595
460,166.9847502764664,15.95785902127375
461,168.04124793549067,15.9026363717684
462,168.40973895618743,15.701861864254102
463,168.21926145375107,17.00430047615018
464,168.6276616210983,18.598475282318702
465,167.99502232241568,17.07236096811177
466,168.34715639776235,16.729911366087315
467,167.16950307855979,18.997560240870474
468,169.34586674133615,18.48911334892774
469,168.7840433225049,19.75340093140111
470,167.91054401463452,16.564852540249262
471,169.13519149613535,18.36490091533822
472,168.15190214748762,19.42001186561583
473,168.88656629055774,18.739187926547448
474,169.16063355026046,20.41147086821323
475,169.48340736288347,19.58894836961581
476,169.3604952495972,20.158867279080102
477,169.30593550601552,21.38994710389308
478,169.28849824720055,19.13524110459525
479,169.38764275901937,22.186880677688777
480,170.3065718034318,19.508871196287895
481,169.7880994431322,21.695907358826382
482,169.48997571592014,20.534203090785272
483,169.5560365125928,23.353082401932724
484,169.268461183424,21.812917330078093
485,168.91809342618157,21.395515416149152
486,170.04351800150351,22.973969546845314
487,169.26830305525783,21.783077826588475
488,170.15517986613665,22.793561740748302
489,169.4361940577175,22.407603531621316
490,170.33162324329925,23.677650054571668
491,170.33418774347797,23.80180204565522
492,169.75235834978892,24.38064348373863
493,169.5546428145533,25.056566339060993
494,170.02799359172593,23.146752164542136
495,169.0422443457343,23.190415955860008
496,170.29190013497742,26.286488364448143
497,168.9898182011533,25.4340898664615
498,170.25232521248392,25.11977896342526
499,169.53366844216356,25.766259489179816
500,170.01063030807316,25.192538054637748
501,170.63290414248104,25.496839300367355
502,169.92458252258163,24.590996515093906
503,170.03366595869906,25.06774822273804
504,170.81547770783078,24.907900020509317
505,170.46914095626133,26.246477163910757
506,170.13555206900415,27.50684576070565
507,169.67030501283026,26.260531566038615
508,169.44927509256829,25.008022635089425
509,170.68465338043677,25.429905285311857
510,169.53675607654756,27.383211790907836
511,169.2535703830439,29.115097935457094
512,171.14257759558612,26.56597971073832
513,171.27039891135516,27.024266927509572
514,169.71058778273638,26.892106394381166
515,169.37309827453313,26.7273992644471
516,169.54829190182238,28.399196409907123
517,169.28611482052509,28.86556699674914
518,168.67938491575305,26.574098061831968
519,169.4254230760202,29.32695313262182
520,168.29984620381262,28.385337768184158
521,169.7050173852531,28.699778850499545
522,169.95996611986268,26.672519815906988
523,169.894752431016,27.024380035548766
524,169.4304773759666,27.362392469087396
525,169.08582177328708,28.74954765438281
526,169.16303125275206,27.53210785552324
527,169.545797197717,28.542591444662243
528,169.02390194100863,30.242525542844668
529,170.02998416669692,30.758342774783014
530,168.80470578507197,31.635244317146558
531,169.7878998893806,29.54459050608048
532,168.96400100361066,27.267114636719562
533,168.09609615759342,29.888427670844408
534,169.10977330576688,30.334103148804534
535,168.8263250121585,28.51220448164576
536,168.8574011866525,28.375758986811064
537,169.12000289980892,29.022083790350727
538,167.8769029903745,30.61961328665151
539,167.6112140294409,28.93018619540995
540,168.40981644751255,30.03715177895669
541,167.61301249698982,29.742803017163506
542,167.93686323381235,30.240942698843472
543,168.28180603726057,30.90774049874252
544,166.55383954343557,28.49456116522995
545,167.11036276111057,30.734773106330707
546,167.30968613387202,29.360346756823905
547,167.79173529171095,29.05665653109287
548,166.33613421095163,29.620582075298042
549,166.9196141134213,31.46694799510185
550,166.53030560025883,29.76547158747968
551,166.3939842754258,29.221742258442795
552,166.3285482536733,28.506257339199152
553,166.60074143993234,30.766649304547315
554,166.48339831763604,30.127362000936284
555,165.71256680202328,30.384809732512313
556,166.30580824332375,31.840710265372945
557,165.9420564131539,30.94185266208852
558,166.09186692386308,30.06726571519058
559,165.34569386498546,31.285291529762794
560,165.80373219499884,28.72827006003176
561,165.1742168972059,30.12993355009717
562,164.75185659673417,29.94960942294679
563,164.94647504653543,27.882137673027877
564,164.9513011571648,30.598141290232263
565,164.12992978043454,29.36577234138778
566,165.58071975892082,26.68298092685679
567,164.56874423656754,28.793253591783035
568,164.58603105564916,28.84693739434665
569,164.16251777094274,27.52281550361175
570,163.58881339849268,29.855138689950213
571,164.0444065518965,27.209462758227904
572,163.55565102652668,28.605996128234196
573,163.9555002092805,28.68893216003213
574,162.54777382811088,27.80074337477868
575,162.90220537579464,28.728293999239074
576,162.99372694621866,30.19184270479223
577,161.9916833862362,28.659551574339766
578,162.979599891723,26.707857350048325
579,162.10427531793113,26.71524040379215
580,162.45986246119085,28.505281086709505
581,161.8352620100895,28.054533120883754
582,162.33038840026043,25.30964513375702
583,162.06040035027524,27.272110671929266
584,161.47839260318176,26.555581915775736
585,160.9036614924475,26.175498325477914
586,161.43649199619028,27.31119287173044
587,161.4120169003106,26.899988436683646
588,159.93162895510017,26.422507646754244
589,161.07660085920264,24.69997514623418
590,160.54892640298758,26.962254406600035
591,159.55648096455423,26.30594972314825
592,160.56663466994237,27.102489728892067
593,160.80445475803262,27.588312975830025
594,159.5987543904704,26.381869879957325
595,160.0172790903796,24.64933501596572
596,159.53980225998492,26.059722397825684
597,159.46592218466165,24.120874175391005
598,158.51225055536176,24.240137920268467
599,158.36579856300483,23.93015328770167
600,158.59076519539178,25.315702288376627
601,157.23068800851968,24.027571327245592
602,157.89852285622038,24.4429443601044
603,159.29249117346566,23.387838737261323
604,158.07880209193226,25.330569812732364
605,158.96420431501932,22.802168813751134
606,157.8640897997377,21.083890006117205
607,157.36266749489963,23.047422723776407
608,156.25088714913298,22.4651934121231
609,157.16403696069426,22.13446873624621
610,157.07012462426323,22.501424839794307
611,156.44151627563332,22.90620766905674
612,157.26262372110997,21.703567268084843
613,156.84156454967987,21.767934682463807
614,156.2901401809193,22.671299145434624
615,155.94101418959286,20.504181109324797
616,155.85200785933992,22.23402683298724
617,156.60230982792498,20.61737218156408
618,156.24820431221931,19.09981099016413
619,155.1215508708973,18.614803030536887
620,155.98380564490245,21.88507349041968
621,155.26174912937634,20.590498569059946
622,155.61920616718868,19.85129628283177
623,156.13100322273598,17.855494948888293
624,154.74786362325668,19.162383096928334
625,155.77108208232946,17.836749497683964
626,154.187278421032,19.170002347070128
627,155.28255292527976,19.05423246535014
628,154.473793240263,17.954689814723327
629,154.03731995394853,17.220766318258367
630,154.31151182238858,17.346947870907748
631,153.34151458159116,15.873228040799876
632,153.45521988639328,16.385911561210996
633,153.18312767715295,15.452810281699053
634,153.5828207431289,16.64337428383835
635,152.70679921078107,17.306742028433035
636,152.54281390883654,15.28113788271782
637,153.38634357199516,14.50698354497742
638,153.83714161657306,16.473898100190503
639,152.90248961207718,16.0784331146244
640,153.50144036649863,16.21314810154856
641,152.61082766668494,14.684929889826302
642,151.61999109907066,13.937455155528887
643,152.92014265098186,13.781421809325831
644,151.95922646161267,13.57749283106515
645,152.71217344525863,14.233855393180535
646,153.24272008831707,12.509608178499532
647,152.046677771798,13.419073046761376
648,151.93201827341062,13.331207375459318
649,151.36748316076773,13.256195736079667
650,152.0997404488485,13.338798617292527
651,151.24971452144376,11.489967380305643
652,152.03763838125448,10.782310024045275
653,151.54305429873304,10.495905163065895
654,151.75468916708783,10.843566011938002
655,150.79191328776128,11.108698883267566
656,150.9043598571235,10.400473783981269
657,151.4986935220806,10.240163412885702
658,150.28703005774966,10.909421850854377
659,150.29996744447712,7.575623144801677
660,151.07462187672982,9.037150746772477
661,150.44576999694783,11.37046151208819
662,150.94956242144806,8.527907044934658
663,150.6404802381437,7.58914947920584
664,151.19903784140914,8.642286996945062
665,150.51083408549567,8.61156594627948
666,150.6510831423141,8.128972669101383
667,149.87693113143592,8.737138318648618
668,150.09447359533416,9.187110290686867
669,149.82094445444363,6.585453207408156
670,150.64883677302194,6.138813729455272
671,149.75185173956572,5.294354804858671
672,150.57806205186566,6.438074234783844
673,150.83646961955628,6.7703174865356175
674,150.42204327978817,6.136798069930486
675,150.29556855808906,6.793271937506138
676,150.77027694774645,4.947668393304971
677,150.34052715582493,4.479914952087331
678,150.5078263064681,6.042216836494282
679,150.06782976605885,5.623560277171053
680,150.0560795109564,5.475781025908567
681,150.51992608463877,3.8809692628025036
682,149.61164677452473,4.9730664400070514
683,150.0604922452125,4.443069054763655
684,151.0568020841681,4.528316156264706
685,149.2514521662899,3.5252332726148943
686,150.84303288823256,1.7131083759121561
687,150.87668542471206,5.170077899510788
688,149.9365061669698,5.233323552526413
689,149.86893784174833,2.8780475464258926
690,150.14163638175594,3.9389137047456515
691,150.6805708797844,3.5956473190583793
692,150.87851339655344,3.479407323585399
693,150.78208505555403,3.2511541424432604
694,150.50242627425075,2.5929526278607056
695,149.69486741387985,6.315472448552297
696,150.97203336250033,3.80309314316007
697,150.36420830613875,2.5002772440612433
698,150.4911447375005,2.314026136474237
699,150.15512450804147,1.7696898102502092
700,150.839363042547,0.5703365076891704
701,150.56516833268495,1.1914147730656897
702,150.67802758707992,1.4383515214898737
703,149.9897225791807,2.352953164537549
704,150.88524405542321,1.1395646124138312
705,150.01660719681297,1.3708111386341009
706,150.1485497897836,0.6585922070940927
707,151.00660215096303,0.7998462059933231
708,150.984104467172,0.4603904680503059
709,151.1397253964669,2.912949078154914
710,150.62781816284988,0.6076965163461012
711,151.2864714483746,2.5833879886719533
712,150.7169454895882,0.45376622605223277
713,152.12137955448873,-1.202586289558055
714,150.92393451025004,0.8441594784174526
715,150.56699540325022,-1.8902407705688273
716,151.57787071030225,1.5439519618487387
717,152.4677185264072,-0.5782345671435565
718,151.26260476697067,-0.9955342011580628
719,152.03079112964673,-0.10046924305901767
720,151.92338114588904,-0.3624212121182422
721,152.9180445939037,-0.7489368342837553
722,151.56762929499595,0.3236803790803179
723,152.08454527946893,0.208398418914591
724,151.81513576452625,1.6195968889194374
725,153.0128135970256,0.2619386963271666
726,152.33181235802132,-0.9707425016010651
727,152.0809934857141,-0.6490160916720175
728,152.3399314998534,0.7245925811087686
729,153.3881336824981,0.8277465912597318
730,153.1272669102705,-0.21144823437762836
731,153.07033446984275,0.7532257499258025
732,153.1078496768062,-1.4160088345611752
733,153.56376598954498,-0.2307679411953667
734,152.61477044476166,1.676760046593307
735,153.32113952854996,-0.9785218041660364
736,153.17077953190304,1.3868554314528043
737,153.88522110173295,0.2258638947703423
738,153.95797335535923,-1.4440056869600852
739,154.1039485072296,1.0349984309075242
740,154.72552965647202,0.6907109202405961
741,154.65808977741693,0.07746256076789049
742,153.907955294225,-0.12074822822101383
743,154.82039488065166,-0.8449209050452724
744,154.91541254928794,-0.23742819911137902
745,154.19892979328014,-0.818129851949412
746,154.2642677996767,1.1407256481754362
747,155.2351721242113,0.9141724078583335
748,155.8219497329301,0.4191786622994736
749,156.58064800104373,1.0706772876930348
750,155.92672775962936,0.008130159394743153
751,155.89088053704072,0.8725376647259322
752,156.34839553187948,2.1320260514654135
753,155.76962347678324,1.2481471615073776
754,156.07085186797576,0.2626809072007109
755,156.6366183510201,1.9213780608148021
756,156.60265019684397,1.9491356561343185
757,157.23690402594997,1.0795453008037956
758,158.1902788100173,1.2010226446161414
759,157.88909265272483,1.431441308154985
760,156.57428566536467,3.901713036136439
761,158.14194126266614,0.27152041269699434
762,157.5225587308468,1.8586924074214668
763,156.59539738625628,2.8003709895281608
764,158.43968387212908,3.033351202584277
765,158.3195292107804,3.3333701172266244
766,158.73948205228365,1.7321577667498522
767,157.82538251699148,3.2983622672462416
768,157.95408537246905,1.457998506012975
769,157.69854359221546,3.4914593937956564
770,158.58108173462344,3.335011326030469
771,158.98995447561444,3.562580098361075
772,159.71004346213016,4.92736077681357
773,158.10755215523122,3.364664181298254
774,160.65139175644418,2.5929466752795287
775,159.80748112887164,3.8587554226469507
776,159.82416374919322,4.921443535492786
777,159.74205842317204,2.987114295642538
778,161.23566552428255,3.985026441763495
779,160.48151353842752,6.025749306604721
780,160.73010013425102,4.5439413446217385
781,160.62734704491254,5.458060403632316
782,160.1916037582174,5.321183379907439
783,160.99920537059887,5.173974155901651
784,161.25718054605855,7.452464966860422
785,162.44821619375554,7.334813717800205
786,161.38828187008528,8.256984110526627
787,161.36766399194272,7.67320787746235
788,162.51250718651474,4.807145158290174
789,162.5928228807602,6.994894408887546
790,163.1855428041335,7.067350259702377
791,162.37110190335721,7.556072251243183
792,163.12142893877558,8.089775213768778
793,162.52947153077866,7.957412550150032
794,162.99605544024834,9.117678016351128
795,162.93935871719597,6.915416989427287
796,163.48124009224443,8.596719222488984
797,164.16545455971325,7.534142836880562
798,163.75903224809443,9.60032306357433
799,164.1305961668217,9.650020544526544
800,163.7245046199891,11.110745398705957
801,164.10199813860902,10.683636864232312
802,164.91231658353703,10.89156045983547
803,164.49537819909642,11.01727600535468
804,164.50165165338748,11.480098367764715
805,165.07739484867136,10.23299464253371
806,164.68756208757074,11.416049797847311
807,164.86505817510886,12.486629890044213
808,165.165337818993,12.593547053528962
809,165.61516874680808,11.353476147630484
810,165.48048304004084,12.285063365192794
811,165.66387628630986,11.818133417313657
812,165.80999875814396,13.76388443940319
813,166.2626933249278,12.931816999966228
814,165.69486272200325,14.010008038513764
815,166.37048879686358,14.571660929713982
816,166.36072361678214,10.912041964366061
817,166.58001455895942,13.991118797050566
818,166.99700780394355,15.116062673172628
819,166.4479892507689,13.352162357416377
820,166.7622813356145,15.252967775096193
821,167.33362946584447,15.697425619685362
822,167.26439435428145,15.06899250746757
823,167.70108470888417,16.934127751857904
824,166.72628765528782,18.010571627942245
825,167.37477371726982,15.08941325466756
826,167.65722971341918,16.537773952043278
827,167.98961993311346,17.55822901397361
828,168.1701395906654,16.84530653012822
829,168.3047593867538,19.498803268660208
830,168.6529660615843,17.317689110588493
831,168.44467287802314,16.27941901671703
832,167.9990113380044,17.904392806953602
833,168.57983506878134,17.763638087545903
834,168.14964112787354,16.41342926552823
835,168.93955503885962,19.6238870800864
836,168.52088849128123,19.410403638847836
837,168.7235699211976,17.193453766358274
838,168.30789941911715,21.424427853112054
839,169.22775448908064,19.075679689265588
840,169.475949350075,19.249637226059853
841,168.73462461313878,20.530691309627233
842,168.43608005661918,21.7903371507324
843,169.12080643031692,22.084018276366194
844,169.4358667694182,20.353310815660443
845,168.6819365072613,20.539639724311254
846,170.04046357413657,21.248147911194362
847,168.7919143784848,19.795322980825983
848,169.19751298825395,22.710356425502354
849,168.58034249653264,22.025177091259177
850,169.52314954113865,22.22803945157574
851,170.0363593894842,21.651301518392575
852,170.01659186377867,22.75945140921568
853,169.74052195530123,24.49212559227423
854,170.127960558852,24.35183917266254
855,170.02652208539436,21.100288621535014
856,169.48489260856124,22.93600898874884
857,170.49010652612438,23.387387888658967
858,169.37264895080367,25.571312567102268
859,170.24734324344575,25.623046980760005
860,169.87205145920635,25.77122904653016
861,170.89164160022574,26.173126543533993
862,170.23500932536376,24.570194242430112
863,169.92761314242904,24.209822451235336
864,170.2874500712341,24.76235558135617
865,169.2407646657,27.06119604086772
866,170.6538071897337,25.02951554240023
867,170.90528085042789,24.986263556243795
868,170.82992100684677,27.085654497679275
869,170.7520626910353,27.58586290007149
870,171.09612907995114,27.050430003295812
871,169.53401227059138,27.129923632697047
872,171.2804538721895,27.122996952611004
873,169.0868458400077,27.654079858219077
874,169.37621322230942,26.455764910408224
875,169.19579731321568,26.45228685130306
876,170.26031791260473,27.4032620279215
877,169.31400455912166,26.43637243105528
878,170.21806611715706,26.084044390188783
879,169.0834109646163,28.243610926783273
880,170.3904251001183,26.594602607177233
881,169.11590064944446,26.930774278541385
882,169.29132573892352,29.486620387534177
883,169.4001863293592,28.288854731367064
884,170.24410855360713,28.13830446490803
885,170.16253390615606,26.734776179563074
886,169.27327314232542,28.654131771666414
887,169.45334180658855,29.069024864449204
888,169.01833388199023,27.1339471081303
889,169.63090980092403,29.67505299087133
890,170.14200522648292,28.18323413000459
891,169.40516886850023,28.777315842024155
892,168.96541263410865,27.391038213341606
893,169.3623442008785,28.745590809930775
894,169.13163405273056,29.131385317239722
895,168.78459269323042,27.6118021344815
896,168.15334289417004,27.427968486316445
897,168.4177153637266,29.127332036177332
898,168.6479241166874,29.954801212183813
899,168.46239320754074,31.66838038650861
900,167.87569433533395,29.201373587652164
901,168.49477953604242,30.818445558431687
902,168.7431283704774,29.825655504901462
903,167.76422888931785,29.151490884607785
904,167.69945225748083,30.144049181563023
905,168.23708614646262,30.178012431319807
906,166.8692718442133,29.5467329263307
907,167.98119959510842,30.08335637650934
908,167.6618597253356,28.432037890308653
909,168.03577708200717,29.690080678082136
910,167.4713559358502,28.947764095431108
911,167.9033108708258,30.203136809555115
912,167.14768725805104,31.320550003832604
913,167.5117676502844,31.349517192876593
914,167.6855160893852,29.832706844013284
915,166.81715105741935,29.97512690545575
916,167.02480995584742,28.69340313749
917,167.10119409342192,29.557483969821057
918,166.89070608283984,29.802025721724704
919,166.04239416369555,30.798785671379417
920,166.37854511508348,28.62076273638361
921,166.50885304057556,28.943972291561188
922,166.01667651051272,29.837565256916424
923,165.27444766990843,30.22956011510686
924,165.60372212357103,29.09130094925904
925,165.14699434854356,31.59353075265419
926,164.5037710013066,29.05599986991435
927,165.64620680854082,27.264052075400734
928,165.18025941780834,27.968144636330578
929,165.15673660078502,29.743120952389305
930,164.91817382567234,29.12716824398252
931,165.62626302525237,29.346528345605094
932,164.1941243414138,28.909859947692667
933,164.46462888943483,28.812018923890435
934,164.0852797587075,29.640847491959125
935,163.66151768966262,29.07547226297649
936,163.4359942365824,28.40541744946644
937,163.4024402934704,26.47937405948097
938,163.71687853426505,28.469297714087897
939,163.51993499276062,28.284341562628345
940,162.73441846410464,28.121547859754003
941,162.04223148484377,27.073411900585867
942,164.005228455327,28.846375782423678
943,161.8755320576426,25.60580227461029
944,162.69822137973307,27.220792099074924
945,162.4185284260946,27.152768186709856
946,162.230579106873,28.024845825322064
947,160.40982699355757,27.195471633285837
948,162.0570315068785,27.680890918765225
949,161.06586397397336,27.563978239635976
950,161.74896149953196,25.07844388004054
951,160.66875443453853,26.404613159874625
952,161.3454436804109,26.94247206284791
953,160.5941547589602,26.44961693848637
954,160.29675972624113,24.80829715668738
955,160.66870925784892,25.987704867429247
956,160.52101863793678,24.84443082457241
957,160.334125258481,25.83922917225112
958,160.3108732696592,25.28247338401185
959,159.6061755128378,24.399637401504176
960,159.87598076540456,26.96097305456543
961,159.44766179404166,25.05342168083446
962,158.18164413625385,23.539923010293656
963,159.82490499462557,22.165567283556722
964,159.2321881360243,24.82875542655566
965,158.74518168431217,25.275756236252203
966,158.66736994677584,22.50489206716737
967,158.16294457686595,24.674129782932653
968,158.53703132080548,23.276825889416042
969,158.14134410790166,22.824640139902403
970,157.7588722829553,22.21951195583464
971,158.17488299352766,23.423348359320816
972,158.18878002511437,21.70892771672715
973,157.65561296221642,24.248177250846613
974,157.53015962627046,21.983797945618406
975,158.04783295247606,22.379380607919796
976,156.16702153815257,22.50562495273057
977,156.2524444347764,20.95231568831266
978,157.86594134424675,21.60085748688177
979,156.87965654613535,21.420585278957702
980,156.69257304668963,19.345198448964947
981,156.54710054117052,19.284115946177614
982,156.06314453565656,19.798584276527887
983,155.98886860855578,21.47055336218349
984,155.17270279809526,19.703527759112784
985,156.08044968555086,17.634500582623314
986,155.28318705428066,19.950676402039647
987,155.03185383334295,18.00196766033711
988,155.045076615228,18.424132350546675
989,154.78996272011253,19.576310349130928
990,154.64698997311257,19.042250533158313
991,154.92970296637995,16.76414951468256
992,153.93193372830714,18.348781683887182
993,153.6855643096094,18.732866866165946
994,154.03969475695908,17.360834896090616
995,153.93697262325026,16.59300062064256
996,153.44412551354827,18.81140728771079
997,153.63224332783668,16.361891987349672
998,154.12845813718945,15.881396744956552
999,153.16540447944635,15.897856657202281
1000,153.40210421661575,17.258615962728253
1001,152.66970135128014,14.431105309760904
1002,152.6980677855618,14.127533225997691
1003,152.74273396291775,17.01046614470245
1004,152.99204326106582,13.930565952449674
1005,152.79426439463325,15.395404165303402
1006,153.05250340750308,14.092333665893758
1007,152.97968446843518,14.579893605764283
1008,153.12451981674883,13.394243164626676
1009,152.17514621365598,13.426528075852401
1010,152.61291836071064,12.48591587182605
1011,152.4625970152195,11.41678975290529
1012,152.39851713111406,11.518856999957906
1013,152.09731041812168,12.958116160826235
1014,152.09856278634712,10.66708531998293
1015,151.33378136768277,12.761671779720984
1016,151.57056078295594,11.172142343985344
1017,151.9383897334844,11.092869369169353
1018,151.08701377403634,14.251802610336686
1019,151.5062295747488,11.569609458008074
1020,152.164770660484,9.340372595674662
1021,151.28918102692262,11.001353251722412
1022,151.56137543626605,9.955209293984229
1023,151.21688327091368,9.348400376093581
1024,151.55023757317034,8.828869553124672
1025,151.31655388800561,9.938028392077456
1026,150.05371350856728,10.908745135582365
1027,150.61947294081224,8.73744574360732
1028,150.52647086412148,7.500162698158172
1029,150.71964895927087,7.594070801675834
1030,150.16172734431117,8.667887544856043
1031,151.18379254657773,7.575679426700856
1032,150.931555642642,8.660120076578874
1033,149.93066946152086,7.116788549833651
1034,149.3968095719948,7.067947775188949
1035,149.53793949482525,7.440216427993267
1036,149.39280086153627,8.296074070626231
1037,150.68503440108225,6.552814183189282
1038,150.66032825251597,6.56480296403823
1039,150.01608089958674,6.148185581690543
1040,150.49176309763936,7.168663578361059
1041,149.2334256598637,6.455495617166683
1042,150.49976324539352,5.435078001821508
1043,149.86482283135626,5.857886693927581
1044,150.13692902562144,5.246181053950956
1045,149.24058932817576,5.649412904876557
1046,149.5399290309976,5.485284461005724
1047,149.65313070944742,4.73459426762357
1048,149.582607454677,5.1084130055914185
1049,150.3121786082169,5.25349368795776
1050,149.46619038529664,5.551967799884617
1051,150.5896107296531,3.3954045710494225
1052,150.324480910645,3.462840347223934
1053,149.74252983653827,4.042129820796972
1054,150.06668246036367,4.19398701558866
1055,150.15902783404582,3.5455284471674116
1056,149.77653755290868,4.413242050606269
1057,150.766163844084,2.5267239482667634
1058,150.03763988343306,1.5431504114928705
1059,149.35318030047165,3.4685973674093775
1060,150.72447663213543,1.7853109162382736
1061,149.7415539628563,2.4555879485472483
1062,149.95451525422342,0.5986276225281706
1063,150.23767074447798,0.3460433010345141
1064,150.32143991350142,2.076959337362585
1065,149.78233541877654,1.563095597046604
1066,150.93687925652867,2.273772402245605
1067,150.67028087201905,2.5637450051405093
1068,150.25472280030297,-0.11715348460551667
1069,151.10349891490648,2.2091648719591173
1070,150.50198334748353,0.4380577318311155
1071,150.62044556761916,0.9574714358824292
1072,150.73502008288233,1.1325262204630007
1073,150.58502673032592,0.061443553426477004
1074,150.75422349610164,1.638868644350373
1075,151.51622388443343,2.1578896834674133
1076,150.66489493886877,0.3630427044741432
1077,151.11515875102364,1.1229285061054477
1078,150.80626291700938,2.189369619052311
1079,151.1769411210401,-0.7157658260275694
1080,151.3708032961593,-0.5242716310376094
1081,150.4666739056277,0.6094600851496601
1082,151.38784086432264,0.9615178520207486
1083,151.13123190774422,0.34320474778340526
1084,152.2975088906926,-1.6297706199229836
1085,151.69112147165464,0.9075542553428353
1086,151.6256893680154,-0.5359186475082095
1087,151.02954007584245,1.6705065524161562
1088,152.29434271132175,-0.5125897569924064
1089,152.98702603513053,-0.2801920658072367
1090,153.23824447442774,-0.3576829119284827
1091,152.92988776282192,0.379379666348986
1092,153.0434840965984,0.005494649286737563
1093,151.8765024982525,0.5186971559501261
1094,151.91264101575536,-0.012265959740168232
1095,153.10839871566702,0.23735717782956
1096,153.44750841999607,0.4184766745949434
1097,152.68226608965887,1.7547945432465366
1098,152.6508923475045,-0.7655340121920716
1099,153.83245479164773,0.6175404993689448
1100,153.37995883351456,1.8701618102671027
1101,153.6042332435268,0.06414303196181192
1102,154.1188013470089,1.4382093842605894
1103,154.41531736342057,0.38894055497612523
1104,154.1871997528215,-1.161832028016892
1105,155.1328930010792,0.7575233997868656
1106,155.17551743960482,-0.2469364237281818
1107,155.15281665312588,-0.05930516319648821
1108,154.67650726756384,0.8009278489879615
1109,154.34200019281764,0.3224037780098642
1110,155.5507172336429,-2.051789397275397
1111,155.1294831213193,-1.2729318275256472
1112,155.4300814353535,2.826011870111507
1113,156.18355101851566,1.6434361507177178
1114,155.83148333139084,0.442133195798927
1115,155.50095744898718,0.4878555729441698
1116,155.30033360081538,1.0575001900183576
1117,155.32316085770896,1.5301614977621674
1118,155.60485058227152,1.0653834351807576
1119,156.90675720143327,1.9669333029615799
1120,156.0002218554822,1.0414288677911596
1121,157.56718555898053,0.41923829263862733
1122,156.7224281958783,1.861865870508355
1123,156.85511066644966,0.5492444504759673
1124,157.10023136435686,1.3873542322563583
1125,157.49134119612916,1.6844411810387243
1126,157.87033775041218,3.754481941030761
1127,157.28594668476237,2.989785266589175
1128,158.6075278431937,2.1431735134703915
1129,157.65060486137705,2.993717982806686
1130,157.44383156588438,3.1265890236597524
1131,158.22332107012525,2.386278693486957
1132,158.6640600481972,4.218013132003638
1133,159.10050495455377,3.7132073931341725
1134,159.3205553292967,1.6332441491314795
1135,159.20013844499843,3.624723340897456
1136,159.31205587645192,3.7502211759938633
1137,159.6334614615723,4.4493154847662755
1138,159.44177761967762,4.094237855230176
1139,159.5739515695521,3.6656767419355787
1140,160.21312845981427,3.1482825201930766
1141,159.74825308635815,2.3158492171633425
1142,160.71038441929645,6.269530385119649
1143,160.48705289648177,5.397627755634486
1144,160.69195256563893,6.109729461612806
1145,160.466190036654,5.113655412023517
1146,160.9264244237938,6.942199276514661
1147,160.17350361506786,4.644333280828331
1148,160.69922099793988,6.68028160687754
1149,162.642027603948,6.444721223092708
1150,161.78066556755678,5.6794687084956585
1151,161.88390499416928,6.419611678450019
1152,161.2825661778903,6.047244318368779
1153,163.26188283773632,4.82347220757242
1154,162.0331447230545,8.381753251071768
1155,163.1663049386846,7.0089681447248005
1156,163.02923425652713,8.164424148358213
1157,162.29415065141745,5.869247292591818
1158,162.4923566119289,7.765635658789514
1159,162.92367658561682,8.732019940387088
1160,163.67534575593191,6.324598726777573
1161,163.001230146726,9.58770807641008
1162,164.65130350582032,7.856485283882398
1163,163.32577410222183,7.296612817536982
1164,164.8010151980321,9.492584795306573
1165,163.85454126062925,9.97544993792059
1166,163.44634811409907,10.028938215232184
1167,164.73777812808987,8.633024554787514
1168,164.2589563029777,9.9302041132445
1169,165.0969005306188,9.795920728177034
1170,165.33733008080304,9.325676627382348
1171,165.09299586164622,11.112382840349607
1172,164.68649059516235,11.81945223237443
1173,165.1757899166491,11.574760672145652
1174,165.3288111225779,12.51091492668876
1175,165.5775578214545,10.693518865274006
1176,166.07100918171508,11.788116258224555
1177,166.71135319536336,12.56047051257874
1178,166.73168740673879,13.738728258695767
1179,165.36900647615192,12.34997509848388
1180,166.28689984428473,14.094370468743218
1181,166.9087545567833,13.882564131658645
1182,166.37411791244799,12.721020487906856
1183,165.60432830172323,12.345434442173445
1184,166.32944374730045,15.90315077419385
1185,166.8892684668338,14.328598985930327
1186,167.17947205633283,14.069914668205364
1187,166.7759375881105,15.37630243840101
1188,167.67478111893536,17.03072608547413
1189,167.16414367883516,15.921104248925708
1190,167.42947362416638,13.22010136242286
1191,167.18289851174805,17.932943744775244
1192,167.42478317002025,17.09229373981979
1193,167.85094415135652,18.19740266589511
1194,167.5299116673598,16.229489143199537
1195,167.94564201492028,16.891276286012648
1196,167.97808876316054,17.842814402427493
1197,168.70909728866056,20.276452238447387
1198,168.92401716268384,18.520988274848264
1199,168.22145267141934,19.691427637441283
1200,168.9094919858603,17.774183428223136
1201,168.02448953526184,20.854353184588433
1202,169.71385637999182,19.549319741272377
1203,167.88627272149213,18.683408797771655
1204,169.66103601792355,20.172406941584562
1205,169.19989830053058,19.700111243138867
1206,168.32492500147126,19.875031383216747
1207,168.7369049270582,20.089826162025822
1208,170.479286637399,19.949275349897004
1209,169.09457916801426,18.65585993144009
1210,169.23319549922965,22.11825751686061
1211,169.57020128845187,20.745773767362152
1212,169.69824311578822,21.858861432649874
1213,168.44922713410915,21.52485667945684
1214,169.55992822415305,22.642507783519005
1215,170.50178986009547,23.03326258606201
1216,169.6575611741484,21.972826727937825
1217,168.75778839347504,23.015835017558295
1218,169.565896900931,23.495102709348096
1219,170.12533716012695,23.547221711696295
1220,170.0436319002298,23.715323469039898
1221,170.5755637168042,24.49555284460594
1222,169.77889199955652,25.2384241532583
1223,170.6949782807161,25.945486183876934
1224,170.4871124763861,23.670677000711944
1225,168.88816792970496,23.071726351457144
1226,170.10922705119626,24.667500365763576
1227,170.16233896040555,24.299621344424494
1228,169.21559386838598,24.847823902737638
1229,169.82899802495095,25.124480217704438
1230,169.22793176537704,25.892911972525003
1231,169.12539280709083,24.771107251608168
1232,170.2365190228721,27.473272494183806
1233,170.77261130958306,25.844962003421664
1234,169.9436599939203,26.449542334013866
1235,170.98393359164385,26.349746262734843
1236,170.73440927703956,25.93153070339802
1237,169.5448338225143,28.964028164813023
1238,169.89852369552426,26.535707665274344
1239,169.12739542707968,29.246014748105438
1240,170.24117162533096,27.14547073537688
1241,168.8227000926475,27.025678307757108
1242,169.9329391105317,26.972246093310442
1243,170.26726644114646,27.749707034361226
1244,169.91587740920465,26.91856785306862
1245,170.3602655016122,25.945991468140015
1246,169.8047736376874,26.50692846613297
1247,169.66710389711423,28.460898245053986
1248,169.33293102613564,28.05082640665185
1249,169.34100168813976,27.94654085642494
1250,169.2485148750904,29.384066689655743
1251,169.46449798819665,28.62413743642097
1252,170.48096815848615,29.004768948712847
1253,168.98385784766998,27.69394139515413
1254,168.88077393055224,30.423630726393377
1255,169.3833805196466,30.715243138265013
1256,168.85546016880312,30.827064029734082
1257,169.55841197870794,27.858754213163053
1258,169.33112867840768,29.157408729195513
1259,169.20416474773273,29.547373542829323
1260,168.30480685048354,30.116821210152164
1261,169.79750720120188,29.938287013858776
1262,168.82478843972834,28.777059289263185
1263,168.17704005885065,29.71653741145387
1264,167.96226287690973,30.10662088653968
1265,168.0889249670989,29.894330754726862
1266,169.8607320809894,29.990439556428257
1267,167.81214072095722,28.35209781847163
1268,168.605087168713,29.16912966631877
1269,167.59405194784608,30.143158858530683
1270,168.05582662915742,31.017933976215453
1271,167.74098336489286,32.24216815985613
1272,167.8001727956261,30.768041886547604
1273,166.81344855621276,29.803762907055276
1274,167.20211596852843,30.922492520219166
1275,167.76501198918555,31.32753234251672
1276,168.23289363018492,29.276085028074693
1277,166.6343291089377,30.255074483063918
1278,167.3193750477564,29.8510244736162
1279,166.57103420981775,30.58375468594122
1280,167.58290986460565,29.162377808332973
1281,166.82881016236573,29.218871054089828
1282,166.39273994660698,28.87964399431685
1283,166.4736292035111,29.87984621749369
1284,166.87468838548176,29.92833073013004
1285,165.69114085278454,32.2082067669557
1286,165.37727195285294,29.33116583753912
1287,166.30875091379013,29.913099834778595
1288,165.33084297273518,31.971280457292696
1289,165.55675146547858,28.77316974533515
1290,164.43452890637087,31.15884875289955
1291,165.88300640612724,30.47811788565454
1292,164.5015038699807,28.202125581887522
1293,164.9185937276245,29.804998845503032
1294,165.13572721940645,30.727750790900892
1295,164.8089614269604,31.171235240054838
1296,164.48703116195796,28.796300519983262
1297,163.95755823874973,29.894025263789587
1298,164.1406756887951,30.051459267778394
1299,164.17318936566846,27.379634509659095
1300,163.6850770526346,28.53169482715148
1301,163.66412126714883,28.461456003299794
1302,163.1058445780748,28.402033242599646
1303,162.97252804167005,30.654379349087133
1304,162.4858070835225,27.658353873051276
1305,163.33745675773582,29.752678759753707
1306,162.952199331634,27.566847469246433
1307,162.44109026110004,27.43302764505643
1308,163.6147080010099,27.918539753913844
1309,162.6632278833658,26.708381760974422
1310,162.4377880349439,28.86221646440945
1311,161.62499609834308,28.211433234954264
1312,162.56302760252777,27.340825359357982
1313,162.29994977987016,27.829956778220396
1314,161.96577906695333,27.05897253437449
1315,160.90162915387546,24.69894166274295
1316,161.1183772380232,27.311076847388343
1317,160.72706065831989,26.989326792965958
1318,160.72037209716598,27.652025786002643
1319,160.62050883039225,26.11776101860655
1320,160.49973518844422,28.669853591653922
1321,159.97623125728296,27.050886022484402
1322,160.22143640496319,25.967016043405536
1323,159.9618104279131,25.02929150389078
1324,160.49544466745925,24.042404399742594
1325,159.8104775775631,26.252106101582747
1326,158.4687121212969,25.212214104920587
1327,159.71190061026962,22.818530578385168
1328,159.81918483305682,25.78562083663565
1329,159.30661710976554,22.735177750115326
1330,159.23454716440804,25.900270216220676
1331,158.14206333355517,23.916645123941265
1332,158.2491945774755,21.73789561919108
1333,158.48799637058937,21.937053844158793
1334,158.986615552985,24.194009566645832
1335,158.28568956263936,23.305487158819194
1336,157.776451079555,23.615445735938874
1337,157.5849403655269,22.386118545521473
1338,157.13135406799114,22.937270059766757
1339,156.81983704508386,20.70273590000717
1340,157.8044819923693,22.637324245935865
1341,156.58739935566177,20.072665045191595
1342,156.25793680269337,22.362449636534418
1343,156.8141601339597,21.655432211637677
1344,156.89419509354352,21.475033235598644
1345,156.34764630352092,22.03150246296691
1346,155.6606933647705,21.982911250275535
1347,155.65862047107345,20.326516749369134
1348,155.5101630516775,19.411385550426907
1349,156.07418433080178,19.271781456958205
1350,155.89315116020262,19.201298593491476
1351,155.35974095961984,19.971284032831292
1352,155.45060301747722,18.126382100117326
1353,155.55944893844116,18.43545136031963
1354,155.5395277281412,17.63021932621698
1355,154.8234634874395,17.83545732097229
1356,154.06078085300126,17.44207302623125
1357,154.11666222177732,18.899690296526646
1358,153.9450454946682,18.434072628753174
1359,154.0549303624236,16.286018937681067
1360,153.21738865098868,17.807928285432098
1361,153.5452620990337,18.082615798108243
1362,155.20656052315815,15.425498145554968
1363,153.12374873026184,16.832525092502927
1364,154.16311082324984,17.33214818653843
1365,153.17133840094883,16.035577181557965
1366,152.85085167075886,14.13327108309811
1367,153.22362576630817,14.987833272674033
1368,153.3563012694219,13.705171597474743
1369,152.77048582773787,15.793930782058526
1370,151.98885750898452,14.76395239779545
1371,152.12611141047546,13.009812166087814
1372,152.30733998765172,13.565821363544991
1373,152.6063270840464,13.995243584019876
1374,152.19786574656973,13.68376745020722
1375,152.32538516030004,13.595749473802012
1376,152.00490502014154,14.294464901267219
1377,152.19258337463017,14.239162577161135
1378,151.1052821888373,13.50283368406952
1379,151.60057623887417,12.261990643325747
1380,151.10739632817044,12.764761684221808
1381,152.32647058191554,11.839797648516504
1382,151.1704110726534,13.847146325288941
1383,150.45414133835635,13.031128663797801
1384,150.8035008482719,11.716401969638532
1385,151.27175420044136,10.587520679796146
1386,151.3779546713479,9.780160548446418
1387,150.7171948018447,10.094234267787453
1388,149.85091396076024,10.151105148458022
1389,150.68120132500005,9.612192644091218
1390,151.5750985304504,9.54969072281905
1391,150.4810481937702,8.15416502737362
1392,150.88086668129228,9.026939832771827
1393,149.85180864201433,9.468002155665735
1394,149.30084171296264,8.058040304801619
1395,150.68932629666688,8.447729820875091
1396,150.66784169350325,7.799609244374438
1397,150.8943560801033,8.524305686156268
1398,150.96151145827588,7.523014670204682
1399,151.33555492665045,11.21765730324199
1400,149.9522243148494,6.573096944951667
1401,150.3367795966445,7.199748605443416
1402,149.57138253729278,7.962581027070698
1403,150.79204170689638,7.660739826792468
1404,150.78809874407693,6.8496925298267435
1405,150.0137569970653,5.269546882672994
1406,150.96008584161154,5.7045534133139775
1407,150.06091217010126,5.096863057616753
1408,150.3343630117779,4.446235157951186
1409,150.5385894585663,6.587128787541267
1410,150.21989214377197,4.374800212620436
1411,150.51277545640596,6.453892143875731
1412,150.17299085904534,4.869498143181528
1413,149.5648746262659,6.325311584786792
1414,150.70852578757584,3.4931704975923354
1415,148.88244248744516,5.395950888938941
1416,149.94372211420662,3.879383233816522
1417,150.38613425413743,3.143166330438318
1418,150.3496066191263,4.525411111396386
1419,150.23384249405717,5.563625169487135
1420,149.45277360708545,3.2554920533833447
1421,150.06369363541165,2.630526696704235
1422,151.17086478283264,1.8098187849469891
1423,150.5441249975867,3.9835671240062243
1424,149.79286772386357,2.3730609698230967
1425,151.01079172383922,1.8241529925957507
1426,150.5365534120088,3.9355645218703676
1427,150.75684736636845,1.249325981985443
1428,150.26234451963035,1.297108498682818
1429,150.18264204155236,1.9042088190779485
1430,151.61576331215403,1.5689097287969345
1431,150.34048780590564,0.12505329063876358
1432,150.64455461658923,1.6992494604746164
1433,151.2700763074076,2.7240831602048745
1434,150.41391175402845,1.741521581070097
1435,150.63160488198778,1.6501860786499316
1436,150.71522791632842,1.0995077414334038
1437,150.72276241866138,0.6914191977602314
1438,150.50040539759488,1.1850501170777883
1439,151.3408701460343,1.1341341920015475
1440,151.0257597586647,1.2296052576578518
1441,150.71076475438383,-0.3757502510503643
1442,151.98743802419241,0.2526301690672534
1443,151.95675222731793,0.41787801491372056
1444,151.3343150464219,1.0970448571681426
1445,151.29887403991654,0.6743253665651073
1446,151.23362660268913,0.8002800467638094
1447,151.6550662574204,-0.4667545902999527
1448,151.61384906450994,0.15953320248231945
1449,151.10263296326457,-1.153181669142018
1450,151.98260026556923,-0.14750732372853192
1451,152.30338057629848,1.6287423154731078
1452,152.95808767663624,0.09830384522352538
1453,152.25406423334323,0.4922125948290245
1454,151.85361746508636,-1.024437876334058
1455,152.44587177447303,0.25213590737575153
1456,153.5334110283102,-0.5028636009762526
1457,152.67503129942534,0.5997903578555839
1458,153.24855653358577,1.0195473438128837
1459,154.12968548906852,-0.10166694727411205
1460,152.7885601426934,-1.765635053038664
1461,153.40181867206505,0.18966931271498302
1462,152.67433620084884,-0.03759508629490761
1463,152.23335665943554,1.0533881072505582
1464,153.79147380969164,-0.5285330727177624
1465,153.9430311363052,1.2045261297474048
1466,154.68492354246695,-2.1153973149966108
1467,153.47956509968597,0.21330175187360048
1468,154.3412824279322,-0.4418531342353297
1469,154.8601198436855,1.0345106311421453
1470,154.48189805457693,1.9225383368951903
1471,154.44906583990857,0.446122027982647
1472,154.7082877101367,-0.1562660832089034
1473,154.53732322811794,-0.4842861461196758
1474,154.7996676271806,0.6771765823758598
1475,154.71268459891942,-0.8325715854087359
1476,155.9431810405209,0.5949739025248025
1477,154.57405578534699,-0.42067090813563746
1478,155.68902688680367,1.9271402675610698
1479,155.2560476668143,0.1998394861127034
1480,155.06803326391352,-1.19618837696326
1481,156.8912186512922,2.445501281607342
1482,156.02208719349747,2.614309939947285
1483,156.35746559829775,0.2529372132999881
1484,156.56457956305914,0.0122862772777661
1485,156.4580473622562,0.8622841101663012
1486,157.27535712130125,-0.13949391870065875
1487,156.71667112355172,1.8422715417568452
1488,157.60009438246365,1.8858419213942117
1489,158.06816010452485,1.4924157769605984
1490,157.9843260538791,1.2454933085646611
1491,157.0578547392579,1.608890409570237
1492,158.19392139325575,2.2812602978488887
1493,158.4448347352165,2.4119119075078608
1494,158.0690034896418,3.8986503839500903
1495,158.1971004224663,3.686545838122343
1496,157.66895639905042,3.0261762269509993
1497,158.7032649025089,3.6274791674285716
1498,158.48903619629618,4.2464394885937375
1499,158.74837602763884,5.086044135782199
1500,158.86819237084615,2.5235374945812277
1501,158.34216941317712,4.729711623070915
1502,160.18938220360792,3.8564010868804406
1503,159.6586438933373,4.37239910100921
1504,160.33302906006776,4.216503604803477
1505,160.29127762041605,5.195764472084949
1506,160.6182765472636,3.8405566134736677
1507,160.16405625387318,6.609956035420741
1508,160.81332570077484,3.3795292952893217
1509,160.85867611926403,4.228857322347221
1510,162.29262976900472,5.955080208002244
1511,160.44617451045642,6.9204063274294985
1512,160.42860386987584,5.225313422447228
1513,161.0764344260224,6.102339070147488
1514,162.08694626486584,7.24250560474676
1515,162.07499567394566,5.419606995468698
1516,161.98357722108167,6.2576990726632715
1517,161.270001815943,7.828016726658279
1518,161.89259040462133,6.694811785208543
1519,162.24128413517232,7.554589607566911
1520,163.30878268043568,7.7761144006303775
1521,163.82500639695778,8.255897518595443
1522,161.94755345699207,8.62134090257118
1523,163.07592521497747,9.180984677266384
1524,163.75638773889776,10.121510795128769
1525,163.79850130051332,6.665198503015447
1526,163.77533848457787,7.968791761410608
1527,162.79842025629426,7.582820969439934
1528,163.66457455848774,9.8191812900033
1529,163.9638949603463,9.422255267571956
1530,164.40110382553272,11.002924716520635
1531,163.97600491288892,9.87208447026162
1532,164.17015059655083,9.962277703975953
1533,164.2415347367172,11.280882875613448
1534,164.17064412933536,10.945139521996506
1535,164.737544014441,12.56168003990798
1536,164.5547480548361,10.362115312895341
1537,165.2102594599506,11.551799120080398
1538,165.27376334600473,11.096002695014201
1539,165.54754767506267,12.94691697911965
1540,165.31024053224866,11.529847422688084
1541,165.69295116297758,13.382993758619829
1542,166.31748976455475,13.379669849654999
1543,165.3962075353223,13.343417014843185
1544,165.6712348205293,12.490384941509866
1545,165.3836037285141,12.318939617304673
1546,166.39179312494687,12.925601622274511
1547,166.05262398171868,11.867985913364103
1548,167.70950279943833,15.024879955441168
1549,167.3479548327063,14.41045274783193
1550,165.79265417288067,15.324328737552536
1551,166.29864865208282,14.53574860579614
1552,166.71518402111892,15.482480681655069
1553,168.02728456899118,14.665686323025175
1554,167.15166611190443,16.844445034244487
1555,167.64056733406218,17.047977517728395
1556,167.48327604074748,17.418951341846924
1557,167.7769708118309,15.326114821624357
1558,168.02949650195492,16.203949914281836
1559,167.70272860852472,16.97614594117854
1560,166.81017336814972,17.490903133442288
1561,167.69447833569563,17.08878022951338
1562,168.60010121110844,17.930000525465147
1563,168.15772923224046,17.639219868015356
1564,168.63644415075353,17.37647487903036
1565,167.60925490036013,18.036112248111
1566,169.04787430304867,19.361113204277267
1567,168.61418147430066,17.3568282756953
1568,168.8951210493337,19.802278895693377
1569,169.20503014866867,18.77900150789163
1570,169.6129454548437,21.44288299547737
1571,169.40111356238674,20.04189731822451
1572,169.55418863333657,20.274968035668266
1573,170.03934329354456,20.117629257566684
1574,168.09595171419812,19.63580751491142
1575,169.40776519081325,21.28429773631811
1576,169.74744999665543,21.2106789900056
1577,168.87458541796133,21.716306735034944
1578,169.42282560012058,21.61431779117664
1579,168.78795725541875,21.770060562592416
1580,170.0001848392721,22.587043982215533
1581,169.20641436085302,22.731178811373294
1582,169.8305113182843,23.009457672278216
1583,169.3946945362546,20.60939182157667
1584,170.3899095880259,22.2579990809363
1585,170.00648987369908,25.249537543854377
1586,169.75594747878824,24.237634377300292
1587,169.45381283339077,23.789975830358532
1588,170.21749978071924,24.919697355770992
1589,170.33543812746578,23.183543305983388
1590,170.20247172962306,25.462255510790424
1591,170.3679394300411,22.969674604455104
1592,169.6794579157545,24.165895760941783
1593,170.0945199831665,25.99457778415095
1594,169.4890680190002,24.84361181039211
1595,170.4008583903051,24.27746353681899
1596,170.2170701199314,26.685194182087955
1597,169.88415009727535,25.584955535763378
1598,169.74695246810398,26.89490764965731
1599,170.7125809918929,27.06854255574378
1600,170.61823712510062,25.445177798309405
1601,168.55415820420555,25.42247610486908
1602,169.89254700037722,27.316187113894873
1603,170.9983774097911,26.93689218226174
1604,169.41375496777857,26.817389580080437
1605,169.33216915666154,26.906490326528342
1606,169.5548036657724,25.401146690139953
1607,169.6901235006089,28.166914654093926
1608,169.92023116127035,24.97056571045207
1609,169.29710684741335,27.833022991111193
1610,169.89125378133826,27.12949103144613
1611,169.81354355321537,29.280993111793272
1612,169.34127067339148,29.220422445598313
1613,168.8523501261227,28.485958771189775
1614,169.25208495100193,26.456043867997277
1615,169.11266738206075,27.738281938952404
1616,169.3744860526725,29.092541973127936
1617,169.6670037949352,31.726161026174786
1618,169.07094715043831,28.870530672131313
1619,169.13744362352423,28.243695793238626
1620,168.74761318545814,27.444413174126836
1621,168.82521557014098,29.591207160052164
1622,169.67687848880553,28.24383871308029
1623,169.47330881123392,27.51698297378947
1624,168.93288292090196,28.348586206259903
1625,169.10102394739218,26.48918725298451
1626,168.69580508995156,28.59167021549996
1627,168.2032178789366,29.895690458471442
1628,168.92427013322848,32.5337670541288
1629,169.36707249294366,28.83934184532892
1630,167.691084422011,28.615216882463745
1631,168.4001572099316,27.50601240522815
1632,168.1567305598181,29.90424273702879
1633,168.5148853309955,28.8622989008136
1634,168.78533404685982,30.27326333778559
1635,167.18687398869355,29.109030778162257
1636,166.85885616799172,31.290119451614757
1637,167.95990363053855,28.294748685953905
1638,166.79724028790164,31.403806820619575
1639,166.5402649134019,30.757572883163075
1640,166.72508505769184,31.790571434958757
1641,167.39528930044418,29.091623899574728
1642,166.80188857463975,31.29390336651142
1643,166.67898389406253,30.12020276317909
1644,166.69336606387418,28.1224699984413
1645,167.12432291256752,30.60748871752077
1646,167.11449176077025,29.25409820414747
1647,165.95416131010487,28.732431067617686
1648,166.5643731006085,30.000340595661104
1649,166.74523763552855,29.143832230443017
1650,166.87652979460125,28.258901752963748
1651,165.71122479387193,30.033057937021894
1652,165.6673615941502,30.53737802620308
1653,166.13366957949026,30.623851350714517
1654,166.1769672780394,29.449040268041866
1655,165.12804074092645,29.049414875805123
1656,165.39907827253077,30.574308511514257
1657,164.1345714009783,29.20756727643501
1658,164.25807160507077,29.25342738530319
1659,165.41907794794258,28.6747342577678
1660,165.11874940135826,31.817696594064692
1661,164.6390541599994,27.887306650214903
1662,163.96490888125592,29.801847568118358
1663,164.73530458482247,30.67897281901513
1664,164.29494557010617,28.039885435278723
1665,164.39561098495645,28.331900892684438
1666,163.74274864459272,27.424472489887012
1667,163.92297478697768,27.116167917836595
1668,164.51992581022114,30.103415392483292
1669,163.44133044387888,27.571690929655798
1670,163.5774520545263,30.056453675495145
1671,162.96291291692154,26.833920486978386
1672,162.66797621603175,29.442044704603394
1673,161.71912053898657,28.36959903359497
1674,162.8703223494795,27.386253500946538
1675,162.62538862896776,27.367554127045658
1676,161.97046931159375,27.43529827375513
1677,161.57500220558708,26.21020951115775
1678,162.21185319705825,27.988847404000023
1679,161.05682898222867,26.563960999508698
1680,160.77137889741928,28.58235856226875
1681,161.08885568877818,27.48098328195325
1682,161.55550353076487,27.458183110476945
1683,161.7990711718922,27.278240922303766
1684,160.9033456215119,27.57466878147379
1685,160.86989213616897,29.179082983129845
1686,160.1221675593947,26.512069730407447
1687,159.24494269192382,25.12245132627575
1688,159.04585262498279,26.216677013003608
1689,160.32978515151936,24.92330174421164
1690,160.7255012694514,24.26364485995798
1691,159.2712925780686,25.60272419562977
1692,159.68962129443455,24.407551222542633
1693,158.68516846428247,26.151364567799426
1694,158.8496585580862,23.829504056858276
1695,158.88841164052903,24.444730552362316
1696,158.76260573813389,22.77197864237449
1697,158.47016140240234,24.263775639263162
1698,157.57701927595497,22.979957873568885
1699,158.72607330141403,22.82626266750392
1700,157.83309029133332,23.252667055710315
1701,158.04704784863202,23.215812585941727
1702,156.4510034475315,22.121092860092897
1703,157.72142200789537,20.554946310882574
1704,157.68910705203157,21.911628584393434
1705,156.99444063157964,21.42806214841577
1706,156.73031750624804,21.340142482253132
1707,156.6442076147586,21.739977443128517
1708,155.46691525694106,21.55237490127568
1709,157.23559463830657,21.67885494708354
1710,156.22296673728408,20.196142867661198
1711,156.06757730406764,21.23845119748554
1712,156.89747205136132,21.792598145060257
1713,155.37296126046047,20.637988604925916
1714,155.33638235716057,21.080941036152005
1715,155.0583726408187,21.094173626656264
1716,154.46069043731546,20.432494912370313
1717,155.77665457144167,19.97642054396414
1718,155.36407257551352,18.370629499420076
1719,154.93125273498435,18.06857221339793
1720,155.9695246303044,19.01499646853942
1721,153.6813424003153,19.124834199553437
1722,154.4913673527751,17.62226989311739
1723,154.22108985960466,18.89502381129769
1724,153.90102708806452,17.251041756494022
1725,154.34743493819803,16.64379155647679
1726,154.36472736427945,18.079162596133497
1727,153.94118013075672,15.714121914586222
1728,154.77235034773085,16.871785671903535
1729,153.71090772235897,15.998606868064977
1730,153.01323613548897,16.005667487784205
1731,153.43970177247715,17.61439739060196
1732,153.6468292248571,14.427934296799334
1733,153.60175768992528,14.393830253971242
1734,153.23018585130882,15.90477978049949
1735,152.55309639933822,16.332206404271837
1736,153.39618323153687,15.01787269042294
1737,153.2757907575003,13.816238576528951
1738,152.40909401319612,15.499992374260522
1739,152.6624973095631,13.997605867029657
1740,152.41365324488615,15.891495645205719
1741,152.17997498324192,14.708917913161159
1742,152.02933458626777,13.08690690247919
1743,151.3459754171338,13.393914213122935
1744,150.68686870831843,9.675707955054884
1745,151.13760139110144,14.019143560556612
1746,151.56473256031225,12.114630298155705
1747,151.12369712649442,13.331324860187483
1748,151.62413995445527,9.589293935275103
1749,151.01809598353924,11.875637589575552
1750,151.35430722834442,10.579957753046617
1751,150.8295596163598,8.584954435228218
1752,150.35542362006183,10.51909518991964
1753,150.66923912027468,9.710478475846585
1754,151.01514599670205,9.259963118989997
1755,151.03478462722396,11.21621777796692
1756,151.84674963097325,9.793396360539102
1757,150.96695476062567,9.443130837727475
1758,150.32812732579814,8.917084508877739
1759,151.3310131190908,9.760309954012785
1760,150.64550985325198,8.860976291056444
1761,150.64073233533455,7.867377650911984
1762,149.68034129192145,8.240811705681287
1763,150.52704926837362,8.49928010152008
1764,150.4475648933906,7.898759458808874
1765,150.06317528222513,6.469065019966895
1766,150.31701098035424,6.166068142772305
1767,149.26322735902932,6.160379734697555
1768,150.2632592391353,6.072233340717672
1769,150.10515470821784,6.246134612123998
1770,150.6640982906336,5.5819111661783065
1771,150.52606331024916,6.654109075987228
1772,150.52726452940792,7.204962808181303
1773,149.9144717290988,4.493797553690039
1774,150.57223111443068,5.843827600017143
1775,149.1151571697681,4.482402456378771
1776,150.58688394108182,4.992821486816983
1777,149.83622184940623,5.255741724725191
1778,148.998239921503,4.317564128249568
1779,149.9562230778256,4.483619845394641
1780,150.30797455264332,4.780919981518125
1781,150.12213464999107,4.319737020702641
1782,150.77515465242078,3.7334833210500054
1783,150.08792241802817,3.682036207780669
1784,149.70657771117288,5.761107749289726
1785,150.76018679371634,3.3855636814538927
1786,150.78569606430602,4.185033978246825
1787,150.27974557284497,2.8547190498310675
1788,150.17124946785697,2.1271004783633938
1789,149.96955884821213,3.8178945493029675
1790,150.10060354302985,2.4247243003094767
1791,148.96295229178565,2.8570156907042814
1792,150.7618808364659,2.930926502286402
1793,149.85277259165824,1.5046167591985666
1794,149.7472728330997,3.1550903007069424
1795,149.96130281893502,1.7443227710048181
1796,150.89735742141477,2.332240914597777
1797,150.4378684929698,1.3495988965348196
1798,149.92009870535034,-0.5743905048035463
1799,150.73512434798315,3.0356202993069115
1800,150.66820654701,-1.4257894777894027
1801,150.79155995790046,0.5469778142608104
1802,150.4262060452103,0.7840871146551692
1803,150.99046167790158,2.6077357239965506
1804,150.54866153391512,1.145896635900983
1805,151.33969102129828,1.183746115659565
1806,150.44579448587112,-1.0717696987111938
1807,151.05976737178787,0.37336036330581013
1808,151.79417945204148,0.42209193382758237
1809,151.0739514910322,1.767512848056282
1810,151.3323034290793,0.3729120725575518
1811,151.62028733060885,1.3806236887993282
1812,151.19512500953616,0.5578770028599582
1813,150.97723590626327,-1.3400327473709934
1814,151.8428061689562,-0.9013645691469212
1815,152.2612261707545,0.4428398212104972
1816,151.8684011744857,0.003798470940313381
1817,152.09237517502845,0.16014463085755176
1818,152.21919856746118,-2.0677539178939135
1819,151.831390617198,1.1358639042476568
1820,152.42850267907306,-0.1559210493701738
1821,153.10034100258542,-0.9735730743887328
1822,153.47334540750205,-0.3962609823604795
1823,152.64542703005753,-0.8671326966397637
1824,152.55338818110894,0.48353149310962035
1825,153.11718139064857,1.7942227864315237
1826,153.3255600581985,-2.5467977546490945
1827,153.3675654887136,1.5569007100397247
1828,154.56061329045497,-2.0748555452698936
1829,152.95803705577285,-1.8711400614335774
1830,153.90108863991352,1.2111830312006309
1831,153.5907280667169,-1.10120069768977
1832,153.98991663468195,-0.8954222217574872
1833,154.26491857600806,1.4280859986411543
1834,155.70151151847068,0.7829734684193163
1835,153.90145572014833,1.321383916032827
1836,154.0569586096436,-0.295774059051481
1837,155.13144286850886,0.1510545189206467
1838,153.9158375417687,-2.430291911940445
1839,155.3197344164296,0.5620307503915278
1840,154.64647435163064,0.2570885542252788
1841,155.1461591388295,-0.2709060016531726
1842,154.3925053160925,0.35718384425239696
1843,155.51746034668238,-0.5570206879139421
1844,155.75689895056186,0.39126327199197997
1845,155.34144423314424,0.47979648262173374
1846,156.06822980350196,1.510701672951555
1847,155.78286809807045,0.8326100463248577
1848,156.9171269470591,3.6707177306873358
1849,156.80117433810355,1.0915944629340975
1850,156.88909586723636,0.3584151905736985
1851,156.24764603967043,0.7711638139973787
1852,156.6185275385014,1.5097897920508871
1853,157.06505456705654,2.9306080016623555
1854,156.34732295922777,2.392892284588073
1855,157.5350572131989,-0.0919321680027485
1856,158.4469306662634,1.3907917595873458
1857,158.2281504898712,2.9475303722578006
1858,157.80745633301117,2.869780414900874
1859,156.91386735736793,4.578610885841115
1860,157.8545000602969,2.8751784470871513
1861,157.96601525423998,2.432395187116744
1862,158.06944976298234,1.67644719057314
1863,157.52235818495544,2.7285987764417614
1864,159.39833184903574,3.9519137253622167
